Fecha,Vendedor,Sede Entrega,Producto,Importe
06/11/2020,Vendedor 10,Sede D,Producto Z,"$75,880.72"
01/10/2021,Vendedor 10,Sede D,Producto Y,"$279,412.05"
09/05/2021,Vendedor 4,Sede A,Producto W,
07/10/2021,Vendedor 3,Sede D,Producto U,"$33,830.98"
02/08/2021,Vendedor 3,Sede C,Producto U,"$205,706.84"
16/12/2020,Vendedor 5,Sede A,Producto V,"$107,878.61"
09/04/2021,Vendedor 7,Sede A,Producto V,"$90,188.96"
04/10/2021,Vendedor 2,Sede B,Producto Z,"$83,816.29"
25/09/2021,Vendedor 1,Sede A,Producto X,"$115,339.04"
22/04/2021,Vendedor 6,Sede B,Producto V,"$374,378.47"
30/06/2021,Vendedor 4,Sede C,Producto X,"$103,050.28"
20/02/2021,Vendedor 2,Sede C,Producto W,"$142,082.54"
15/09/2021,Vendedor 3,Sede C,Producto Q,"$97,457.60"
14/12/2020,Vendedor 2,Sede C,Producto O,"$274,905.60"
24/08/2021,Vendedor 10,Sede A,Producto O,"$367,819.07"
28/07/2021,Vendedor 9,Sede A,Producto R,"$164,294.94"
12/10/2020,Vendedor 8,Sede D,Producto U,"$236,787.31"
06/05/2021,Vendedor 2,Sede D,Producto Y,"$109,231.66"
07/03/2021,Vendedor 5,Sede A,Producto P,"$312,313.61"
04/11/2020,Vendedor 1,Sede D,Producto R,"$10,358.36"
26/09/2021,Vendedor 7,Sede D,Producto R,"$80,967.44"
26/08/2021,Vendedor 11,Sede B,Producto W,"$82,956.92"
08/04/2021,Vendedor 3,Sede B,Producto X,"$373,078.36"
14/03/2021,Vendedor 1,Sede B,Producto O,"$232,475.18"
27/07/2021,Vendedor 4,Sede C,Producto Z,"$30,024.93"
04/05/2021,Vendedor 3,Sede A,Producto S,"$360,990.51"
12/04/2021,Vendedor 2,Sede D,Producto Z,"$168,765.46"
11/12/2020,Vendedor 11,Sede A,Producto N,"$339,722.21"
29/05/2021,Vendedor 5,Sede A,Producto P,"$238,740.28"
31/12/2020,Vendedor 6,Sede C,Producto W,"$161,335.26"
12/06/2021,Vendedor 3,Sede C,Producto V,"$188,958.88"
05/06/2021,Vendedor 11,Sede D,Producto Z,"$15,192.88"
25/04/2021,Vendedor 3,Sede B,Producto Z,"$124,688.45"
18/09/2021,Vendedor 1,Sede D,Producto X,"$217,969.17"
04/05/2021,Vendedor 3,Sede C,Producto U,"$291,472.98"
06/01/2021,Vendedor 11,Sede C,Producto W,"$321,759.58"
29/01/2021,Vendedor 2,Sede D,Producto Q,"$41,110.41"
25/04/2021,Vendedor 5,Sede B,Producto Q,"$23,412.48"
30/12/2020,Vendedor 12,Sede C,Producto Y,"$165,910.03"
02/05/2021,Vendedor 8,Sede A,Producto Z,"$176,387.66"
12/05/2021,Vendedor 10,Sede A,Producto Q,"$392,387.00"
01/05/2021,Vendedor 8,Sede D,Producto N,"$105,992.64"
03/01/2021,Vendedor 6,Sede D,Producto U,"$362,556.51"
22/07/2021,Vendedor 8,Sede B,Producto V,"$115,687.78"
06/01/2021,Vendedor 6,Sede C,Producto S,"$189,203.83"
05/06/2021,Vendedor 12,Sede C,Producto U,"$368,872.58"
02/06/2021,Vendedor 7,Sede C,Producto X,"$176,010.28"
06/07/2021,Vendedor 5,Sede D,Producto Z,"$243,200.70"
16/06/2021,Vendedor 2,Sede C,Producto Q,"$390,557.21"
30/12/2020,Vendedor 6,Sede C,Producto O,"$56,567.91"
18/02/2021,Vendedor 3,Sede A,Producto S,"$15,714.98"
04/06/2021,Vendedor 3,Sede A,Producto R,"$242,575.29"
10/12/2020,Vendedor 1,Sede C,Producto Q,"$71,996.92"
20/11/2020,Vendedor 3,Sede C,Producto W,"$231,362.22"
11/02/2021,Vendedor 12,Sede D,Producto W,"$351,861.30"
07/11/2020,Vendedor 6,Sede B,Producto S,"$274,252.35"
28/04/2021,Vendedor 9,Sede A,Producto Z,"$339,800.13"
13/04/2021,Vendedor 2,Sede A,Producto R,"$267,312.91"
03/01/2021,Vendedor 5,Sede D,Producto R,"$396,107.75"
31/05/2021,Vendedor 6,Sede C,Producto O,"$100,113.05"
11/10/2020,Vendedor 7,Sede D,Producto S,"$235,319.09"
02/05/2021,Vendedor 12,Sede D,Producto R,"$259,370.16"
23/03/2021,Vendedor 7,Sede C,Producto P,"$13,943.79"
24/05/2021,Vendedor 3,Sede A,Producto Q,
25/07/2021,Vendedor 4,Sede B,Producto Q,"$222,326.34"
28/03/2021,Vendedor 8,Sede A,Producto S,"$190,639.07"
10/05/2021,Vendedor 1,Sede D,Producto R,"$67,428.06"
14/07/2021,Vendedor 6,Sede B,Producto T,"$390,865.91"
09/07/2021,Vendedor 5,Sede A,Producto Z,"$350,399.89"
26/04/2021,Vendedor 1,Sede B,Producto U,"$356,963.78"
14/04/2021,Vendedor 11,Sede D,Producto V,"$25,887.70"
23/12/2020,Vendedor 4,Sede C,Producto U,"$248,083.69"
21/05/2021,Vendedor 8,Sede C,Producto U,"$281,764.30"
25/10/2020,Vendedor 2,Sede B,Producto X,"$61,085.16"
14/08/2021,Vendedor 12,Sede B,Producto X,"$180,475.93"
04/10/2021,Vendedor 11,Sede C,Producto V,"$371,526.80"
16/09/2021,Vendedor 8,Sede D,Producto T,"$310,674.38"
18/06/2021,Vendedor 7,Sede A,Producto X,"$184,726.31"
18/09/2021,Vendedor 12,Sede C,Producto W,"$138,161.53"
14/04/2021,Vendedor 10,Sede A,Producto T,"$27,290.34"
08/10/2021,Vendedor 7,Sede A,Producto V,"$104,267.85"
19/11/2020,Vendedor 10,Sede C,Producto Q,"$293,544.73"
16/09/2021,Vendedor 10,Sede C,Producto N,"$135,237.28"
12/10/2020,Vendedor 5,Sede D,Producto N,"$42,127.14"
25/04/2021,Vendedor 11,Sede C,Producto N,"$396,406.34"
15/07/2021,Vendedor 11,Sede A,Producto N,"$182,025.79"
29/06/2021,Vendedor 2,Sede A,Producto T,"$378,163.35"
18/06/2021,Vendedor 9,Sede B,Producto P,"$262,613.06"
08/01/2021,Vendedor 4,Sede A,Producto X,"$396,529.69"
19/12/2020,Vendedor 7,Sede B,Producto O,"$237,968.04"
19/04/2021,Vendedor 5,Sede C,Producto R,"$177,374.18"
20/07/2021,Vendedor 12,Sede C,Producto P,"$364,529.85"
16/09/2021,Vendedor 1,Sede B,Producto W,"$131,046.67"
12/03/2021,Vendedor 2,Sede A,Producto P,"$65,845.52"
07/08/2021,Vendedor 3,Sede D,Producto V,"$173,175.53"
10/05/2021,Vendedor 8,Sede D,Producto Z,"$91,672.08"
03/08/2021,Vendedor 6,Sede B,Producto R,"$183,119.97"
09/03/2021,Vendedor 12,Sede A,Producto U,"$137,643.80"
15/08/2021,Vendedor 10,Sede C,Producto N,"$76,873.24"
15/12/2020,Vendedor 8,Sede B,Producto Z,"$280,160.86"
04/10/2021,Vendedor 7,Sede D,Producto X,"$357,301.43"
02/08/2021,Vendedor 7,Sede C,Producto S,"$152,210.70"
04/06/2021,Vendedor 1,Sede A,Producto W,"$392,988.54"
26/03/2021,Vendedor 9,Sede C,Producto Q,"$210,653.55"
18/02/2021,Vendedor 3,Sede D,Producto Q,"$383,880.97"
11/08/2021,Vendedor 6,Sede B,Producto S,"$181,520.47"
01/05/2021,Vendedor 5,Sede B,Producto U,"$33,454.71"
01/06/2021,Vendedor 10,Sede C,Producto O,"$145,981.88"
09/03/2021,Vendedor 3,Sede D,Producto P,"$302,780.22"
25/01/2021,Vendedor 1,Sede A,Producto W,"$325,395.24"
01/08/2021,Vendedor 8,Sede B,Producto T,"$277,116.42"
14/01/2021,Vendedor 11,Sede D,Producto R,"$110,715.09"
05/05/2021,Vendedor 8,Sede B,Producto Q,"$313,627.22"
27/10/2020,Vendedor 9,Sede A,Producto V,"$120,654.71"
05/03/2021,Vendedor 8,Sede C,Producto N,"$18,644.39"
16/05/2021,Vendedor 12,Sede C,Producto W,"$41,263.01"
18/12/2020,Vendedor 8,Sede C,Producto X,"$120,511.56"
10/01/2021,Vendedor 10,Sede A,Producto N,"$369,908.32"
25/11/2020,Vendedor 10,Sede B,Producto X,"$189,404.42"
18/06/2021,Vendedor 3,Sede D,Producto V,
20/05/2021,Vendedor 2,Sede C,Producto T,"$272,510.02"
03/03/2021,Vendedor 12,Sede C,Producto V,"$241,231.71"
02/01/2021,Vendedor 3,Sede A,Producto S,"$365,234.62"
16/08/2021,Vendedor 1,Sede B,Producto V,"$232,909.82"
05/01/2021,Vendedor 8,Sede C,Producto W,"$310,456.33"
01/06/2021,Vendedor 2,Sede A,Producto V,"$120,889.83"
21/03/2021,Vendedor 4,Sede D,Producto W,"$35,409.63"
01/02/2021,Vendedor 7,Sede C,Producto T,"$92,932.57"
25/01/2021,Vendedor 4,Sede A,Producto P,"$284,712.56"
05/01/2021,Vendedor 8,Sede B,Producto S,"$248,587.47"
18/01/2021,Vendedor 5,Sede C,Producto S,"$64,353.70"
11/08/2021,Vendedor 3,Sede A,Producto U,"$308,780.57"
06/10/2021,Vendedor 12,Sede C,Producto P,"$389,352.41"
05/11/2020,Vendedor 5,Sede A,Producto R,"$352,853.43"
12/03/2021,Vendedor 2,Sede A,Producto V,"$74,260.28"
20/02/2021,Vendedor 8,Sede B,Producto Q,"$212,173.37"
02/05/2021,Vendedor 5,Sede A,Producto R,"$233,891.37"
21/03/2021,Vendedor 12,Sede D,Producto Y,
14/07/2021,Vendedor 12,Sede C,Producto V,"$233,039.10"
06/11/2020,Vendedor 9,Sede C,Producto O,"$232,202.70"
22/02/2021,Vendedor 12,Sede B,Producto W,"$379,856.14"
05/08/2021,Vendedor 12,Sede B,Producto O,"$289,475.35"
07/01/2021,Vendedor 6,Sede C,Producto O,"$262,771.01"
29/11/2020,Vendedor 1,Sede A,Producto W,"$217,201.40"
27/10/2020,Vendedor 9,Sede A,Producto O,"$76,138.47"
25/12/2020,Vendedor 9,Sede B,Producto Q,"$49,643.81"
31/07/2021,Vendedor 1,Sede C,Producto U,"$202,191.89"
05/03/2021,Vendedor 12,Sede C,Producto Y,"$249,775.27"
18/10/2020,Vendedor 12,Sede D,Producto W,"$194,109.26"
02/12/2020,Vendedor 1,Sede D,Producto Y,"$287,966.60"
15/01/2021,Vendedor 9,Sede A,Producto Z,"$212,687.70"
13/09/2021,Vendedor 11,Sede C,Producto R,"$370,089.20"
09/12/2020,Vendedor 7,Sede C,Producto U,"$365,292.50"
30/06/2021,Vendedor 2,Sede A,Producto T,"$210,825.11"
04/12/2020,Vendedor 10,Sede A,Producto S,"$396,209.99"
25/06/2021,Vendedor 6,Sede B,Producto Q,"$289,302.70"
29/06/2021,Vendedor 3,Sede D,Producto R,"$276,201.09"
01/05/2021,Vendedor 1,Sede D,Producto T,"$55,419.81"
22/10/2020,Vendedor 3,Sede B,Producto Q,"$222,129.44"
30/03/2021,Vendedor 7,Sede C,Producto O,
05/08/2021,Vendedor 11,Sede A,Producto X,"$31,876.62"
12/11/2020,Vendedor 6,Sede C,Producto R,"$246,173.93"
10/02/2021,Vendedor 6,Sede C,Producto T,"$346,186.10"
07/11/2020,Vendedor 12,Sede B,Producto T,"$30,001.95"
11/08/2021,Vendedor 9,Sede C,Producto O,"$109,345.03"
07/07/2021,Vendedor 10,Sede C,Producto X,"$21,372.54"
03/03/2021,Vendedor 7,Sede C,Producto P,"$388,721.68"
18/08/2021,Vendedor 11,Sede A,Producto R,"$349,368.45"
11/01/2021,Vendedor 3,Sede C,Producto Q,"$269,278.45"
20/06/2021,Vendedor 6,Sede B,Producto S,"$171,524.34"
21/11/2020,Vendedor 2,Sede C,Producto S,"$253,033.14"
29/01/2021,Vendedor 12,Sede A,Producto W,"$132,548.34"
08/08/2021,Vendedor 11,Sede B,Producto W,"$284,222.66"
24/03/2021,Vendedor 1,Sede D,Producto Q,"$391,202.40"
10/09/2021,Vendedor 3,Sede A,Producto S,"$280,390.54"
12/09/2021,Vendedor 3,Sede B,Producto V,"$51,891.03"
11/12/2020,Vendedor 9,Sede B,Producto Y,"$256,109.33"
11/01/2021,Vendedor 10,Sede C,Producto U,"$348,705.77"
16/08/2021,Vendedor 10,Sede D,Producto Q,"$304,735.76"
16/06/2021,Vendedor 4,Sede B,Producto Q,"$44,529.04"
05/04/2021,Vendedor 2,Sede C,Producto X,"$399,355.83"
30/10/2020,Vendedor 3,Sede C,Producto V,"$366,372.20"
31/08/2021,Vendedor 8,Sede D,Producto Q,"$240,030.23"
31/07/2021,Vendedor 10,Sede C,Producto N,"$319,781.43"
03/03/2021,Vendedor 6,Sede B,Producto Q,"$88,995.15"
10/10/2021,Vendedor 1,Sede B,Producto Y,"$279,643.56"
19/01/2021,Vendedor 1,Sede B,Producto N,"$293,421.18"
06/05/2021,Vendedor 10,Sede C,Producto O,"$7,719.87"
14/12/2020,Vendedor 7,Sede C,Producto S,"$125,764.86"
16/11/2020,Vendedor 1,Sede A,Producto T,"$398,810.17"
25/09/2021,Vendedor 2,Sede A,Producto U,"$82,772.25"
22/01/2021,Vendedor 11,Sede B,Producto R,"$12,016.50"
04/04/2021,Vendedor 2,Sede A,Producto N,"$86,283.55"
09/08/2021,Vendedor 10,Sede D,Producto Y,"$174,380.69"
05/07/2021,Vendedor 8,Sede D,Producto T,"$328,500.11"
12/11/2020,Vendedor 3,Sede C,Producto Z,"$80,214.59"
15/12/2020,Vendedor 5,Sede D,Producto Z,"$49,051.25"
31/08/2021,Vendedor 2,Sede B,Producto Y,"$138,156.15"
23/04/2021,Vendedor 7,Sede C,Producto T,"$303,985.93"
30/12/2020,Vendedor 10,Sede A,Producto W,"$78,771.17"
22/02/2021,Vendedor 12,Sede A,Producto P,"$318,347.49"
01/10/2021,Vendedor 9,Sede C,Producto W,"$224,979.98"
20/08/2021,Vendedor 12,Sede D,Producto X,"$94,632.50"
14/03/2021,Vendedor 5,Sede A,Producto W,"$238,415.72"
12/09/2021,Vendedor 8,Sede B,Producto R,"$184,685.07"
07/09/2021,Vendedor 10,Sede A,Producto Q,"$355,365.87"
16/10/2020,Vendedor 10,Sede A,Producto R,
24/02/2021,Vendedor 8,Sede C,Producto Z,"$395,671.58"
13/02/2021,Vendedor 1,Sede A,Producto Y,"$333,303.40"
17/10/2020,Vendedor 10,Sede B,Producto N,"$71,086.83"
26/01/2021,Vendedor 1,Sede B,Producto V,"$184,343.11"
01/08/2021,Vendedor 10,Sede A,Producto W,"$254,245.81"
21/09/2021,Vendedor 9,Sede A,Producto Y,"$378,788.23"
17/04/2021,Vendedor 7,Sede C,Producto V,"$363,877.76"
06/01/2021,Vendedor 7,Sede C,Producto T,"$34,309.46"
02/12/2020,Vendedor 3,Sede B,Producto T,"$200,483.03"
30/08/2021,Vendedor 12,Sede D,Producto Q,"$394,345.74"
05/02/2021,Vendedor 4,Sede C,Producto X,"$144,774.73"
29/12/2020,Vendedor 6,Sede C,Producto W,"$300,547.48"
24/03/2021,Vendedor 4,Sede D,Producto V,"$123,216.34"
23/03/2021,Vendedor 1,Sede D,Producto Z,"$42,562.66"
06/10/2021,Vendedor 9,Sede D,Producto Q,"$218,586.52"
23/09/2021,Vendedor 4,Sede C,Producto S,"$89,245.56"
15/05/2021,Vendedor 4,Sede C,Producto N,"$63,886.56"
25/12/2020,Vendedor 11,Sede D,Producto W,"$120,446.82"
26/01/2021,Vendedor 6,Sede C,Producto Q,"$49,830.09"
05/05/2021,Vendedor 10,Sede A,Producto W,"$297,178.49"
20/11/2020,Vendedor 2,Sede A,Producto T,"$41,501.26"
28/07/2021,Vendedor 11,Sede B,Producto O,"$230,693.67"
18/06/2021,Vendedor 11,Sede C,Producto R,"$193,485.71"
10/11/2020,Vendedor 5,Sede B,Producto U,"$190,591.36"
24/11/2020,Vendedor 11,Sede D,Producto P,"$304,818.14"
04/09/2021,Vendedor 8,Sede D,Producto R,"$177,563.64"
21/02/2021,Vendedor 10,Sede A,Producto V,"$265,004.53"
03/02/2021,Vendedor 3,Sede D,Producto S,"$338,013.28"
12/09/2021,Vendedor 7,Sede D,Producto X,"$396,025.37"
07/06/2021,Vendedor 7,Sede D,Producto Y,"$324,253.83"
08/03/2021,Vendedor 2,Sede B,Producto Z,"$308,852.08"
03/10/2021,Vendedor 9,Sede A,Producto X,
06/05/2021,Vendedor 7,Sede A,Producto Z,"$20,819.90"
28/07/2021,Vendedor 7,Sede C,Producto Q,"$102,629.65"
04/02/2021,Vendedor 11,Sede B,Producto N,"$223,593.61"
01/08/2021,Vendedor 12,Sede C,Producto U,"$304,191.91"
11/07/2021,Vendedor 7,Sede D,Producto Z,"$85,965.36"
04/08/2021,Vendedor 4,Sede A,Producto P,"$39,910.50"
13/06/2021,Vendedor 10,Sede D,Producto U,"$109,134.99"
30/07/2021,Vendedor 8,Sede A,Producto V,"$306,223.48"
02/12/2020,Vendedor 4,Sede D,Producto Q,"$292,840.07"
21/12/2020,Vendedor 2,Sede B,Producto Z,"$387,189.80"
02/01/2021,Vendedor 4,Sede B,Producto R,"$381,585.26"
31/10/2020,Vendedor 4,Sede A,Producto Y,"$163,572.67"
15/02/2021,Vendedor 7,Sede D,Producto X,"$351,535.57"
19/12/2020,Vendedor 1,Sede A,Producto T,"$328,443.31"
03/06/2021,Vendedor 9,Sede B,Producto W,"$127,848.36"
08/07/2021,Vendedor 10,Sede B,Producto U,"$399,693.71"
13/06/2021,Vendedor 1,Sede C,Producto U,"$6,813.49"
14/08/2021,Vendedor 4,Sede D,Producto T,"$6,425.39"
10/04/2021,Vendedor 8,Sede C,Producto U,"$78,929.01"
28/10/2020,Vendedor 10,Sede A,Producto U,"$345,377.41"
22/10/2020,Vendedor 3,Sede B,Producto Z,"$399,458.20"
06/08/2021,Vendedor 5,Sede D,Producto N,"$62,945.43"
13/05/2021,Vendedor 7,Sede A,Producto W,"$115,840.35"
22/04/2021,Vendedor 2,Sede D,Producto T,"$205,387.72"
24/01/2021,Vendedor 12,Sede B,Producto R,"$300,154.39"
11/09/2021,Vendedor 2,Sede A,Producto Q,"$268,166.30"
24/11/2020,Vendedor 2,Sede A,Producto Y,"$294,920.71"
10/05/2021,Vendedor 8,Sede B,Producto Y,"$357,193.69"
22/01/2021,Vendedor 5,Sede D,Producto N,"$74,982.84"
19/02/2021,Vendedor 6,Sede B,Producto S,"$199,703.89"
22/03/2021,Vendedor 8,Sede C,Producto Y,"$358,406.49"
23/07/2021,Vendedor 12,Sede A,Producto N,"$107,985.33"
09/05/2021,Vendedor 7,Sede D,Producto N,"$127,414.63"
04/11/2020,Vendedor 3,Sede D,Producto V,"$292,323.46"
16/04/2021,Vendedor 2,Sede D,Producto Y,"$67,707.58"
19/07/2021,Vendedor 7,Sede C,Producto P,"$97,913.19"
27/06/2021,Vendedor 5,Sede B,Producto R,"$87,646.70"
30/04/2021,Vendedor 12,Sede D,Producto Z,"$213,440.20"
10/06/2021,Vendedor 1,Sede C,Producto W,"$274,537.98"
02/10/2021,Vendedor 8,Sede A,Producto N,"$397,645.02"
22/08/2021,Vendedor 9,Sede D,Producto W,
11/04/2021,Vendedor 7,Sede D,Producto V,"$207,227.10"
25/12/2020,Vendedor 1,Sede D,Producto X,"$49,517.79"
31/12/2020,Vendedor 12,Sede C,Producto S,
22/08/2021,Vendedor 1,Sede A,Producto P,"$290,310.03"
20/01/2021,Vendedor 3,Sede C,Producto Z,"$112,082.81"
11/06/2021,Vendedor 9,Sede B,Producto N,"$362,077.25"
28/06/2021,Vendedor 1,Sede D,Producto Z,"$119,643.08"
19/06/2021,Vendedor 2,Sede A,Producto U,"$159,616.06"
24/01/2021,Vendedor 1,Sede B,Producto Y,"$231,920.61"
06/11/2020,Vendedor 1,Sede B,Producto T,"$308,217.57"
19/10/2020,Vendedor 8,Sede B,Producto T,"$284,959.85"
25/04/2021,Vendedor 6,Sede B,Producto V,"$27,103.08"
19/08/2021,Vendedor 2,Sede C,Producto V,"$357,607.69"
13/07/2021,Vendedor 11,Sede C,Producto Q,"$266,793.58"
11/04/2021,Vendedor 1,Sede C,Producto W,"$154,359.50"
25/11/2020,Vendedor 7,Sede B,Producto Y,"$294,179.84"
10/02/2021,Vendedor 3,Sede A,Producto Q,"$134,938.97"
05/09/2021,Vendedor 6,Sede D,Producto Q,"$237,846.25"
06/08/2021,Vendedor 1,Sede C,Producto Q,"$384,608.51"
15/05/2021,Vendedor 11,Sede B,Producto P,"$85,968.13"
24/07/2021,Vendedor 5,Sede D,Producto W,"$55,089.35"
17/03/2021,Vendedor 3,Sede D,Producto O,"$157,070.46"
24/09/2021,Vendedor 5,Sede C,Producto P,"$318,328.78"
14/11/2020,Vendedor 12,Sede C,Producto X,"$355,224.83"
02/07/2021,Vendedor 11,Sede B,Producto Q,"$37,151.30"
28/10/2020,Vendedor 8,Sede C,Producto P,"$305,326.66"
31/07/2021,Vendedor 5,Sede A,Producto Z,"$282,790.22"
31/10/2020,Vendedor 9,Sede C,Producto Z,"$114,287.67"
12/08/2021,Vendedor 12,Sede A,Producto R,"$89,224.12"
23/01/2021,Vendedor 3,Sede C,Producto O,"$393,600.84"
05/05/2021,Vendedor 7,Sede A,Producto Q,"$136,549.01"
16/04/2021,Vendedor 1,Sede A,Producto Y,"$380,695.31"
22/11/2020,Vendedor 2,Sede B,Producto S,"$378,448.75"
12/06/2021,Vendedor 11,Sede D,Producto Y,"$207,057.86"
31/10/2020,Vendedor 8,Sede D,Producto R,"$55,832.92"
01/12/2020,Vendedor 8,Sede D,Producto Z,"$295,473.43"
22/11/2020,Vendedor 12,Sede D,Producto N,"$23,591.40"
12/03/2021,Vendedor 2,Sede C,Producto T,"$111,917.85"
25/07/2021,Vendedor 8,Sede A,Producto N,"$337,536.89"
06/01/2021,Vendedor 2,Sede D,Producto T,"$209,190.48"
16/02/2021,Vendedor 8,Sede D,Producto P,"$231,413.58"
09/04/2021,Vendedor 12,Sede D,Producto N,
30/07/2021,Vendedor 6,Sede B,Producto N,"$124,671.03"
25/07/2021,Vendedor 11,Sede C,Producto V,"$203,003.24"
13/04/2021,Vendedor 11,Sede B,Producto R,"$248,351.02"
05/06/2021,Vendedor 6,Sede D,Producto S,"$13,432.09"
12/11/2020,Vendedor 3,Sede A,Producto N,
29/06/2021,Vendedor 10,Sede C,Producto Z,"$395,633.74"
02/01/2021,Vendedor 3,Sede D,Producto T,"$46,637.31"
18/08/2021,Vendedor 12,Sede B,Producto U,"$107,636.07"
10/02/2021,Vendedor 4,Sede A,Producto Y,"$180,486.37"
05/11/2020,Vendedor 10,Sede B,Producto S,"$362,559.93"
18/08/2021,Vendedor 11,Sede A,Producto W,"$387,433.28"
11/01/2021,Vendedor 9,Sede A,Producto O,"$15,626.26"
23/04/2021,Vendedor 10,Sede D,Producto N,"$15,799.53"
05/01/2021,Vendedor 4,Sede B,Producto V,"$45,590.01"
28/10/2020,Vendedor 12,Sede D,Producto S,"$346,175.73"
26/04/2021,Vendedor 3,Sede A,Producto Y,"$260,322.98"
16/07/2021,Vendedor 1,Sede A,Producto N,"$336,215.68"
15/04/2021,Vendedor 4,Sede D,Producto X,"$96,030.13"
24/02/2021,Vendedor 6,Sede C,Producto N,"$242,032.64"
24/05/2021,Vendedor 6,Sede B,Producto Q,"$101,982.38"
28/05/2021,Vendedor 6,Sede A,Producto S,
27/07/2021,Vendedor 5,Sede C,Producto V,"$202,565.55"
26/12/2020,Vendedor 5,Sede A,Producto T,"$252,655.11"
25/06/2021,Vendedor 4,Sede A,Producto Z,"$46,120.23"
15/04/2021,Vendedor 3,Sede C,Producto P,"$349,801.56"
16/03/2021,Vendedor 9,Sede C,Producto P,"$366,559.54"
30/06/2021,Vendedor 9,Sede A,Producto S,"$140,771.63"
21/08/2021,Vendedor 5,Sede D,Producto P,"$83,450.99"
27/06/2021,Vendedor 4,Sede C,Producto N,"$239,308.43"
02/02/2021,Vendedor 6,Sede B,Producto Z,"$98,331.19"
19/11/2020,Vendedor 1,Sede C,Producto R,"$278,388.97"
28/03/2021,Vendedor 10,Sede D,Producto P,"$310,036.23"
26/01/2021,Vendedor 9,Sede D,Producto T,"$351,815.67"
21/01/2021,Vendedor 5,Sede D,Producto Z,"$230,820.69"
02/11/2020,Vendedor 9,Sede B,Producto O,"$354,020.58"
21/02/2021,Vendedor 4,Sede C,Producto O,"$51,551.03"
08/04/2021,Vendedor 7,Sede A,Producto Z,"$74,084.69"
30/05/2021,Vendedor 1,Sede A,Producto P,"$384,279.15"
29/05/2021,Vendedor 5,Sede C,Producto T,"$277,677.69"
20/05/2021,Vendedor 7,Sede B,Producto U,"$229,481.42"
10/03/2021,Vendedor 9,Sede D,Producto Y,"$226,230.61"
30/09/2021,Vendedor 12,Sede A,Producto N,
09/06/2021,Vendedor 6,Sede D,Producto Y,"$246,402.77"
10/11/2020,Vendedor 10,Sede B,Producto R,"$269,217.75"
18/12/2020,Vendedor 8,Sede C,Producto X,"$333,017.16"
28/02/2021,Vendedor 3,Sede A,Producto P,"$388,152.75"
07/12/2020,Vendedor 12,Sede B,Producto P,"$94,708.10"
10/07/2021,Vendedor 2,Sede C,Producto N,"$114,530.96"
28/02/2021,Vendedor 4,Sede A,Producto R,"$36,644.83"
24/05/2021,Vendedor 11,Sede D,Producto Q,"$76,012.73"
19/01/2021,Vendedor 4,Sede B,Producto V,"$188,478.24"
28/01/2021,Vendedor 9,Sede A,Producto Y,"$51,341.84"
12/12/2020,Vendedor 5,Sede D,Producto V,"$325,259.33"
09/02/2021,Vendedor 12,Sede A,Producto O,"$108,203.69"
29/07/2021,Vendedor 12,Sede A,Producto R,"$353,040.56"
20/05/2021,Vendedor 9,Sede B,Producto O,"$197,745.20"
09/05/2021,Vendedor 5,Sede C,Producto U,"$371,487.54"
30/07/2021,Vendedor 7,Sede C,Producto X,
22/04/2021,Vendedor 2,Sede D,Producto W,"$35,200.38"
19/12/2020,Vendedor 4,Sede A,Producto X,"$107,383.66"
02/02/2021,Vendedor 5,Sede A,Producto U,"$186,990.59"
23/11/2020,Vendedor 12,Sede D,Producto Q,"$34,525.16"
05/01/2021,Vendedor 12,Sede A,Producto P,"$361,056.15"
27/05/2021,Vendedor 5,Sede C,Producto W,"$205,857.77"
31/07/2021,Vendedor 12,Sede C,Producto T,"$23,066.46"
07/12/2020,Vendedor 12,Sede D,Producto R,"$398,095.73"
07/10/2021,Vendedor 5,Sede C,Producto Q,"$32,804.29"
15/02/2021,Vendedor 9,Sede C,Producto N,"$158,125.15"
22/12/2020,Vendedor 4,Sede B,Producto S,"$211,420.35"
13/03/2021,Vendedor 5,Sede C,Producto Q,"$79,505.41"
20/01/2021,Vendedor 7,Sede C,Producto T,
28/04/2021,Vendedor 5,Sede C,Producto U,"$125,393.10"
26/09/2021,Vendedor 6,Sede B,Producto N,"$285,043.07"
17/09/2021,Vendedor 10,Sede B,Producto Y,"$69,191.71"
26/09/2021,Vendedor 6,Sede C,Producto Q,"$79,512.94"
16/09/2021,Vendedor 11,Sede A,Producto P,"$100,506.35"
05/07/2021,Vendedor 1,Sede B,Producto Z,"$227,505.27"
16/08/2021,Vendedor 3,Sede A,Producto Y,"$223,616.26"
21/04/2021,Vendedor 7,Sede C,Producto X,"$298,949.94"
08/09/2021,Vendedor 10,Sede D,Producto R,"$97,423.43"
15/12/2020,Vendedor 7,Sede A,Producto X,"$318,396.89"
24/08/2021,Vendedor 11,Sede D,Producto P,"$119,236.15"
28/06/2021,Vendedor 9,Sede D,Producto T,"$199,667.17"
17/08/2021,Vendedor 6,Sede D,Producto W,"$222,179.25"
31/12/2020,Vendedor 6,Sede D,Producto V,"$45,610.71"
22/10/2020,Vendedor 11,Sede A,Producto W,"$186,648.84"
11/01/2021,Vendedor 12,Sede B,Producto T,"$244,688.14"
16/12/2020,Vendedor 7,Sede D,Producto U,"$306,545.71"
19/09/2021,Vendedor 4,Sede D,Producto Y,"$258,171.26"
19/10/2020,Vendedor 4,Sede D,Producto O,"$297,558.60"
17/04/2021,Vendedor 12,Sede A,Producto Y,"$123,132.44"
11/11/2020,Vendedor 2,Sede A,Producto N,"$100,323.22"
15/11/2020,Vendedor 10,Sede C,Producto R,"$120,510.91"
17/06/2021,Vendedor 4,Sede D,Producto Z,"$373,050.41"
20/06/2021,Vendedor 4,Sede A,Producto V,"$302,825.21"
30/06/2021,Vendedor 6,Sede B,Producto Q,"$203,136.81"
21/04/2021,Vendedor 9,Sede C,Producto Z,"$48,701.92"
22/06/2021,Vendedor 9,Sede D,Producto S,"$353,013.86"
29/08/2021,Vendedor 12,Sede D,Producto Q,"$81,714.93"
29/06/2021,Vendedor 12,Sede C,Producto O,"$26,314.05"
24/04/2021,Vendedor 7,Sede A,Producto V,"$342,045.09"
15/06/2021,Vendedor 7,Sede C,Producto T,"$50,623.27"
13/03/2021,Vendedor 9,Sede D,Producto V,"$236,989.25"
18/03/2021,Vendedor 10,Sede A,Producto S,"$269,326.89"
02/02/2021,Vendedor 5,Sede D,Producto N,"$106,600.58"
27/12/2020,Vendedor 9,Sede A,Producto W,"$164,749.95"
28/06/2021,Vendedor 2,Sede A,Producto Y,"$81,321.53"
11/01/2021,Vendedor 10,Sede C,Producto T,"$58,653.72"
09/06/2021,Vendedor 3,Sede D,Producto Y,
03/07/2021,Vendedor 4,Sede B,Producto N,"$147,973.45"
13/06/2021,Vendedor 2,Sede A,Producto P,"$113,640.41"
26/01/2021,Vendedor 8,Sede C,Producto T,"$190,452.74"
24/02/2021,Vendedor 11,Sede A,Producto O,"$216,893.26"
25/11/2020,Vendedor 5,Sede D,Producto U,"$306,684.82"
19/12/2020,Vendedor 9,Sede D,Producto O,"$242,220.61"
26/02/2021,Vendedor 5,Sede D,Producto O,"$164,595.27"
09/12/2020,Vendedor 9,Sede C,Producto O,"$385,967.64"
04/03/2021,Vendedor 7,Sede D,Producto U,"$206,833.45"
30/03/2021,Vendedor 11,Sede B,Producto Q,"$106,791.20"
17/04/2021,Vendedor 9,Sede C,Producto U,"$112,830.55"
25/03/2021,Vendedor 12,Sede C,Producto Z,"$131,787.77"
08/05/2021,Vendedor 6,Sede A,Producto N,"$100,594.80"
16/10/2020,Vendedor 7,Sede C,Producto R,"$222,625.20"
18/02/2021,Vendedor 11,Sede B,Producto W,"$175,204.48"
11/11/2020,Vendedor 12,Sede D,Producto N,"$200,633.96"
10/08/2021,Vendedor 10,Sede A,Producto S,"$386,527.35"
24/06/2021,Vendedor 8,Sede C,Producto N,
02/07/2021,Vendedor 5,Sede D,Producto Z,"$299,353.64"
06/06/2021,Vendedor 11,Sede D,Producto P,"$167,134.53"
25/01/2021,Vendedor 8,Sede C,Producto Y,"$81,008.89"
12/07/2021,Vendedor 4,Sede C,Producto T,"$315,234.72"
11/12/2020,Vendedor 5,Sede D,Producto N,"$165,164.65"
02/07/2021,Vendedor 2,Sede A,Producto O,"$319,449.14"
13/11/2020,Vendedor 5,Sede A,Producto S,"$361,148.57"
09/09/2021,Vendedor 3,Sede A,Producto N,"$292,253.18"
10/08/2021,Vendedor 9,Sede B,Producto W,"$211,766.52"
21/09/2021,Vendedor 1,Sede B,Producto Y,"$78,662.43"
23/05/2021,Vendedor 1,Sede A,Producto T,"$55,661.90"
15/09/2021,Vendedor 6,Sede A,Producto Q,"$129,940.21"
30/10/2020,Vendedor 9,Sede B,Producto Z,"$122,669.34"
28/08/2021,Vendedor 3,Sede A,Producto O,"$45,950.88"
28/08/2021,Vendedor 10,Sede B,Producto N,"$354,175.23"
09/07/2021,Vendedor 12,Sede B,Producto P,"$218,503.36"
03/09/2021,Vendedor 9,Sede B,Producto V,"$146,993.63"
04/03/2021,Vendedor 7,Sede C,Producto V,"$324,686.92"
18/04/2021,Vendedor 2,Sede B,Producto P,"$5,120.89"
01/08/2021,Vendedor 12,Sede C,Producto Y,"$170,728.88"
26/07/2021,Vendedor 8,Sede C,Producto O,"$233,707.84"
03/01/2021,Vendedor 4,Sede A,Producto V,"$19,520.89"
14/01/2021,Vendedor 4,Sede A,Producto V,"$52,951.82"
08/03/2021,Vendedor 1,Sede A,Producto W,"$359,212.04"
31/07/2021,Vendedor 9,Sede C,Producto Q,"$255,093.46"
03/10/2021,Vendedor 12,Sede D,Producto X,"$160,062.86"
22/04/2021,Vendedor 11,Sede B,Producto W,"$233,027.15"
14/05/2021,Vendedor 9,Sede B,Producto T,"$267,759.10"
29/04/2021,Vendedor 10,Sede D,Producto T,"$58,555.85"
11/11/2020,Vendedor 10,Sede A,Producto O,"$76,604.88"
15/02/2021,Vendedor 7,Sede A,Producto Q,"$383,439.18"
16/03/2021,Vendedor 4,Sede D,Producto Z,"$164,558.77"
17/09/2021,Vendedor 8,Sede B,Producto X,"$51,626.02"
29/09/2021,Vendedor 6,Sede C,Producto O,"$99,459.47"
29/05/2021,Vendedor 4,Sede B,Producto Y,
03/03/2021,Vendedor 12,Sede B,Producto V,"$142,273.58"
15/02/2021,Vendedor 2,Sede D,Producto S,"$252,260.32"
19/05/2021,Vendedor 6,Sede A,Producto R,"$305,371.34"
22/06/2021,Vendedor 7,Sede A,Producto Z,"$204,647.94"
22/07/2021,Vendedor 7,Sede B,Producto Z,"$123,042.93"
30/07/2021,Vendedor 3,Sede B,Producto R,"$49,715.73"
20/12/2020,Vendedor 2,Sede B,Producto U,"$20,998.58"
20/04/2021,Vendedor 6,Sede D,Producto O,"$97,082.73"
22/09/2021,Vendedor 6,Sede C,Producto P,"$39,498.28"
14/10/2020,Vendedor 6,Sede B,Producto Q,"$147,362.03"
26/12/2020,Vendedor 1,Sede C,Producto S,"$212,497.81"
10/09/2021,Vendedor 10,Sede D,Producto O,"$61,850.42"
17/11/2020,Vendedor 4,Sede A,Producto S,"$217,603.30"
14/03/2021,Vendedor 6,Sede B,Producto Y,"$92,237.74"
09/02/2021,Vendedor 1,Sede A,Producto O,"$106,760.93"
24/06/2021,Vendedor 8,Sede A,Producto Q,"$330,354.16"
22/08/2021,Vendedor 12,Sede A,Producto O,"$194,231.62"
19/01/2021,Vendedor 8,Sede C,Producto T,"$62,244.19"
21/03/2021,Vendedor 1,Sede A,Producto R,"$243,294.11"
30/09/2021,Vendedor 2,Sede C,Producto O,"$295,192.65"
04/06/2021,Vendedor 5,Sede A,Producto O,"$150,826.86"
07/11/2020,Vendedor 5,Sede C,Producto T,"$292,929.31"
08/10/2021,Vendedor 2,Sede C,Producto Y,"$260,806.18"
11/08/2021,Vendedor 7,Sede B,Producto Q,"$370,401.38"
22/05/2021,Vendedor 3,Sede A,Producto O,"$95,121.70"
28/07/2021,Vendedor 2,Sede D,Producto P,"$49,757.91"
22/02/2021,Vendedor 11,Sede B,Producto O,"$387,922.08"
25/03/2021,Vendedor 5,Sede D,Producto P,"$233,500.51"
01/09/2021,Vendedor 5,Sede A,Producto N,"$315,874.00"
06/02/2021,Vendedor 10,Sede C,Producto W,"$237,998.57"
24/10/2020,Vendedor 12,Sede C,Producto R,"$93,940.23"
14/10/2020,Vendedor 12,Sede B,Producto T,"$336,327.58"
05/02/2021,Vendedor 1,Sede D,Producto N,"$90,538.99"
20/12/2020,Vendedor 1,Sede A,Producto P,"$223,628.70"
09/03/2021,Vendedor 1,Sede B,Producto X,"$16,505.86"
22/02/2021,Vendedor 9,Sede A,Producto X,"$173,244.63"
10/12/2020,Vendedor 2,Sede D,Producto U,"$397,565.40"
20/02/2021,Vendedor 3,Sede B,Producto W,"$178,595.67"
26/10/2020,Vendedor 8,Sede C,Producto W,"$15,778.70"
26/09/2021,Vendedor 11,Sede B,Producto U,"$239,390.00"
23/12/2020,Vendedor 11,Sede C,Producto N,"$315,975.97"
01/07/2021,Vendedor 11,Sede B,Producto O,"$130,562.89"
14/01/2021,Vendedor 9,Sede B,Producto P,"$152,969.66"
08/05/2021,Vendedor 3,Sede C,Producto X,"$284,103.13"
27/04/2021,Vendedor 11,Sede D,Producto R,"$169,968.41"
20/02/2021,Vendedor 3,Sede C,Producto S,"$162,754.83"
20/01/2021,Vendedor 1,Sede D,Producto U,"$228,328.22"
04/02/2021,Vendedor 6,Sede D,Producto Q,"$373,290.74"
21/09/2021,Vendedor 8,Sede D,Producto W,"$338,644.65"
20/08/2021,Vendedor 12,Sede C,Producto Z,"$389,731.52"
13/09/2021,Vendedor 1,Sede D,Producto X,"$249,550.40"
20/08/2021,Vendedor 10,Sede A,Producto W,"$105,787.11"
29/03/2021,Vendedor 7,Sede B,Producto U,"$100,613.83"
16/09/2021,Vendedor 2,Sede B,Producto V,"$86,770.69"
12/05/2021,Vendedor 11,Sede C,Producto Y,"$50,095.91"
14/02/2021,Vendedor 5,Sede D,Producto P,"$211,884.91"
27/11/2020,Vendedor 5,Sede A,Producto V,"$209,501.62"
18/08/2021,Vendedor 4,Sede A,Producto T,"$71,501.88"
15/12/2020,Vendedor 11,Sede B,Producto N,"$299,144.06"
20/01/2021,Vendedor 3,Sede A,Producto S,"$143,752.88"
05/03/2021,Vendedor 7,Sede B,Producto S,"$301,239.19"
18/11/2020,Vendedor 10,Sede B,Producto V,"$280,379.42"
10/09/2021,Vendedor 1,Sede D,Producto X,"$358,503.80"
27/10/2020,Vendedor 9,Sede C,Producto Z,"$394,455.73"
20/10/2020,Vendedor 12,Sede D,Producto N,"$179,728.10"
06/10/2021,Vendedor 9,Sede A,Producto Y,"$114,300.64"
19/09/2021,Vendedor 5,Sede A,Producto X,"$291,169.77"
07/07/2021,Vendedor 9,Sede D,Producto X,"$188,093.50"
03/07/2021,Vendedor 4,Sede D,Producto W,"$229,341.70"
29/05/2021,Vendedor 7,Sede C,Producto N,"$382,422.63"
21/02/2021,Vendedor 9,Sede D,Producto S,"$310,500.26"
09/01/2021,Vendedor 9,Sede C,Producto V,"$270,417.56"
14/07/2021,Vendedor 9,Sede D,Producto P,"$151,951.11"
28/08/2021,Vendedor 9,Sede D,Producto Y,"$313,534.66"
22/07/2021,Vendedor 12,Sede D,Producto P,"$38,747.26"
22/09/2021,Vendedor 12,Sede C,Producto P,"$339,185.80"
11/12/2020,Vendedor 4,Sede C,Producto T,
31/03/2021,Vendedor 10,Sede D,Producto Z,"$371,294.58"
12/10/2020,Vendedor 2,Sede A,Producto Q,"$214,068.90"
19/07/2021,Vendedor 2,Sede A,Producto W,
16/05/2021,Vendedor 8,Sede A,Producto Z,"$37,297.66"
08/02/2021,Vendedor 2,Sede D,Producto V,"$71,182.56"
28/03/2021,Vendedor 5,Sede D,Producto X,"$71,877.04"
07/03/2021,Vendedor 1,Sede B,Producto O,"$223,119.52"
24/06/2021,Vendedor 2,Sede D,Producto N,"$69,160.07"
11/01/2021,Vendedor 5,Sede C,Producto R,"$112,273.73"
23/05/2021,Vendedor 12,Sede C,Producto Z,"$332,175.30"
26/03/2021,Vendedor 5,Sede A,Producto O,"$303,164.69"
26/03/2021,Vendedor 1,Sede D,Producto R,"$397,231.01"
22/11/2020,Vendedor 4,Sede D,Producto T,"$8,322.37"
07/07/2021,Vendedor 8,Sede C,Producto U,"$87,574.20"
15/12/2020,Vendedor 2,Sede C,Producto T,"$235,516.42"
09/09/2021,Vendedor 9,Sede D,Producto X,"$317,155.04"
13/05/2021,Vendedor 1,Sede C,Producto P,"$292,370.62"
21/10/2020,Vendedor 6,Sede A,Producto S,"$123,413.83"
10/02/2021,Vendedor 12,Sede A,Producto Q,
15/09/2021,Vendedor 1,Sede A,Producto Z,"$187,650.38"
17/05/2021,Vendedor 2,Sede B,Producto V,"$256,205.63"
24/06/2021,Vendedor 1,Sede A,Producto O,"$10,034.61"
15/12/2020,Vendedor 3,Sede C,Producto R,"$272,628.82"
02/07/2021,Vendedor 12,Sede B,Producto T,"$274,256.44"
01/08/2021,Vendedor 2,Sede B,Producto O,"$345,683.52"
20/02/2021,Vendedor 3,Sede B,Producto T,
07/09/2021,Vendedor 8,Sede B,Producto Q,"$376,540.98"
07/07/2021,Vendedor 8,Sede B,Producto Y,"$159,045.99"
29/10/2020,Vendedor 6,Sede D,Producto P,"$24,552.65"
29/12/2020,Vendedor 7,Sede B,Producto V,"$46,424.52"
21/10/2020,Vendedor 6,Sede D,Producto R,"$38,941.03"
24/06/2021,Vendedor 6,Sede A,Producto N,"$103,757.91"
26/07/2021,Vendedor 4,Sede B,Producto S,"$146,250.62"
29/04/2021,Vendedor 11,Sede C,Producto S,"$186,150.11"
06/08/2021,Vendedor 3,Sede A,Producto R,"$255,807.04"
26/11/2020,Vendedor 2,Sede B,Producto O,"$366,478.82"
30/09/2021,Vendedor 5,Sede D,Producto V,"$314,498.06"
31/10/2020,Vendedor 8,Sede C,Producto S,"$353,225.05"
08/05/2021,Vendedor 6,Sede A,Producto O,"$21,176.69"
03/12/2020,Vendedor 5,Sede B,Producto S,"$151,464.52"
26/05/2021,Vendedor 4,Sede A,Producto P,"$309,220.63"
26/12/2020,Vendedor 2,Sede C,Producto Z,"$16,791.24"
05/07/2021,Vendedor 5,Sede C,Producto Q,"$268,162.60"
11/10/2020,Vendedor 12,Sede B,Producto T,"$64,469.67"
26/12/2020,Vendedor 3,Sede A,Producto S,"$40,224.01"
30/03/2021,Vendedor 8,Sede D,Producto S,"$172,023.58"
21/09/2021,Vendedor 8,Sede D,Producto S,"$247,689.58"
01/04/2021,Vendedor 6,Sede D,Producto W,"$312,294.37"
23/12/2020,Vendedor 7,Sede A,Producto X,"$96,257.82"
14/11/2020,Vendedor 2,Sede B,Producto Z,"$273,571.57"
16/06/2021,Vendedor 5,Sede A,Producto S,"$47,481.78"
09/03/2021,Vendedor 7,Sede B,Producto P,"$182,768.83"
01/04/2021,Vendedor 6,Sede D,Producto N,"$294,364.60"
24/01/2021,Vendedor 6,Sede A,Producto O,"$370,440.00"
09/02/2021,Vendedor 3,Sede C,Producto Y,"$398,778.39"
15/09/2021,Vendedor 4,Sede B,Producto Z,"$352,824.29"
02/07/2021,Vendedor 4,Sede D,Producto U,"$380,416.71"
15/02/2021,Vendedor 6,Sede C,Producto Z,"$290,230.51"
05/08/2021,Vendedor 3,Sede D,Producto V,"$72,434.73"
11/01/2021,Vendedor 7,Sede C,Producto P,"$18,271.03"
10/07/2021,Vendedor 9,Sede B,Producto Q,"$91,654.25"
21/07/2021,Vendedor 3,Sede D,Producto U,"$10,615.54"
22/06/2021,Vendedor 4,Sede B,Producto Z,"$350,709.85"
29/01/2021,Vendedor 4,Sede B,Producto O,"$137,918.17"
07/07/2021,Vendedor 3,Sede D,Producto Y,"$179,403.62"
26/10/2020,Vendedor 5,Sede B,Producto X,"$168,642.03"
15/07/2021,Vendedor 6,Sede C,Producto U,"$250,895.88"
08/10/2021,Vendedor 2,Sede B,Producto R,
09/10/2021,Vendedor 3,Sede C,Producto P,"$394,165.31"
14/11/2020,Vendedor 2,Sede B,Producto Q,"$160,310.57"
17/01/2021,Vendedor 1,Sede C,Producto T,"$196,327.40"
28/01/2021,Vendedor 8,Sede B,Producto T,"$333,081.91"
20/08/2021,Vendedor 6,Sede C,Producto Q,"$361,185.80"
15/02/2021,Vendedor 8,Sede B,Producto T,"$158,441.34"
16/02/2021,Vendedor 12,Sede B,Producto Y,"$303,460.21"
03/08/2021,Vendedor 9,Sede D,Producto O,"$295,462.29"
11/08/2021,Vendedor 11,Sede A,Producto W,"$261,067.48"
30/08/2021,Vendedor 11,Sede C,Producto W,"$282,470.84"
13/02/2021,Vendedor 6,Sede D,Producto R,"$275,751.93"
10/08/2021,Vendedor 11,Sede D,Producto O,"$293,184.17"
26/07/2021,Vendedor 2,Sede B,Producto V,"$58,145.43"
28/12/2020,Vendedor 8,Sede A,Producto N,"$38,315.13"
04/10/2021,Vendedor 9,Sede A,Producto Q,"$111,529.89"
12/03/2021,Vendedor 3,Sede B,Producto U,"$51,709.02"
25/04/2021,Vendedor 2,Sede D,Producto N,"$227,817.13"
27/11/2020,Vendedor 11,Sede C,Producto O,"$153,400.61"
08/07/2021,Vendedor 8,Sede B,Producto S,"$122,799.38"
21/09/2021,Vendedor 6,Sede B,Producto X,"$219,867.48"
11/02/2021,Vendedor 9,Sede B,Producto U,"$242,880.37"
14/08/2021,Vendedor 5,Sede B,Producto T,"$73,318.27"
26/05/2021,Vendedor 3,Sede C,Producto W,"$365,412.63"
29/04/2021,Vendedor 1,Sede C,Producto Q,"$13,761.87"
10/05/2021,Vendedor 2,Sede C,Producto O,"$344,983.17"
23/12/2020,Vendedor 10,Sede A,Producto U,"$130,762.96"
14/03/2021,Vendedor 7,Sede A,Producto S,
27/09/2021,Vendedor 6,Sede A,Producto P,"$267,912.34"
02/08/2021,Vendedor 5,Sede A,Producto T,"$46,468.02"
05/06/2021,Vendedor 10,Sede D,Producto Z,"$395,110.18"
30/10/2020,Vendedor 12,Sede A,Producto U,"$220,670.87"
30/07/2021,Vendedor 2,Sede C,Producto Y,"$36,023.30"
05/07/2021,Vendedor 2,Sede A,Producto O,"$399,266.42"
01/01/2021,Vendedor 2,Sede D,Producto X,"$158,178.80"
17/01/2021,Vendedor 10,Sede B,Producto W,"$261,766.08"
01/12/2020,Vendedor 8,Sede D,Producto Z,"$234,378.88"
20/12/2020,Vendedor 2,Sede B,Producto X,"$236,048.11"
16/11/2020,Vendedor 9,Sede B,Producto P,"$41,997.28"
08/05/2021,Vendedor 6,Sede D,Producto X,"$87,549.17"
21/08/2021,Vendedor 6,Sede A,Producto V,"$144,958.11"
27/07/2021,Vendedor 7,Sede A,Producto P,"$180,717.48"
05/11/2020,Vendedor 5,Sede C,Producto V,"$343,905.49"
27/11/2020,Vendedor 3,Sede D,Producto W,"$183,496.52"
17/03/2021,Vendedor 3,Sede D,Producto O,"$269,527.97"
13/08/2021,Vendedor 11,Sede B,Producto X,"$196,420.49"
28/07/2021,Vendedor 11,Sede B,Producto T,"$83,582.07"
14/10/2020,Vendedor 6,Sede B,Producto W,"$67,496.34"
15/03/2021,Vendedor 3,Sede A,Producto Q,"$89,908.53"
13/05/2021,Vendedor 4,Sede A,Producto Y,"$140,960.87"
23/10/2020,Vendedor 1,Sede B,Producto Z,"$286,146.67"
15/03/2021,Vendedor 3,Sede B,Producto X,"$242,467.92"
10/02/2021,Vendedor 9,Sede D,Producto N,"$107,065.18"
21/12/2020,Vendedor 4,Sede B,Producto P,"$397,569.07"
07/07/2021,Vendedor 7,Sede A,Producto S,"$184,417.84"
07/04/2021,Vendedor 7,Sede B,Producto U,"$331,962.55"
04/09/2021,Vendedor 10,Sede B,Producto Y,"$145,217.78"
13/02/2021,Vendedor 10,Sede D,Producto S,
16/08/2021,Vendedor 2,Sede C,Producto T,"$40,400.82"
30/05/2021,Vendedor 5,Sede B,Producto Z,"$374,082.33"
21/05/2021,Vendedor 1,Sede D,Producto Z,"$19,589.22"
15/06/2021,Vendedor 4,Sede A,Producto T,"$34,590.55"
01/03/2021,Vendedor 10,Sede B,Producto T,"$333,782.66"
08/12/2020,Vendedor 2,Sede A,Producto T,"$175,059.42"
27/10/2020,Vendedor 3,Sede D,Producto W,"$256,617.22"
21/07/2021,Vendedor 6,Sede C,Producto Z,"$332,186.88"
27/06/2021,Vendedor 3,Sede D,Producto U,"$123,636.81"
26/12/2020,Vendedor 3,Sede D,Producto S,"$27,000.44"
04/09/2021,Vendedor 12,Sede B,Producto Q,"$31,916.01"
23/06/2021,Vendedor 11,Sede C,Producto N,"$73,747.49"
05/02/2021,Vendedor 1,Sede C,Producto N,"$158,270.08"
31/05/2021,Vendedor 11,Sede B,Producto V,"$348,427.91"
15/07/2021,Vendedor 8,Sede C,Producto T,"$340,257.16"
25/12/2020,Vendedor 11,Sede C,Producto Y,"$11,979.67"
04/02/2021,Vendedor 6,Sede C,Producto V,"$57,637.23"
23/01/2021,Vendedor 1,Sede D,Producto V,"$157,399.72"
08/08/2021,Vendedor 10,Sede A,Producto Y,"$208,700.40"
27/03/2021,Vendedor 7,Sede B,Producto P,"$124,168.34"
27/03/2021,Vendedor 10,Sede B,Producto Q,"$228,315.24"
24/12/2020,Vendedor 11,Sede A,Producto R,"$64,501.44"
31/12/2020,Vendedor 4,Sede B,Producto N,"$228,462.27"
28/12/2020,Vendedor 9,Sede D,Producto U,"$28,061.07"
29/03/2021,Vendedor 3,Sede A,Producto S,"$16,431.61"
27/04/2021,Vendedor 8,Sede D,Producto X,"$5,289.70"
11/05/2021,Vendedor 8,Sede B,Producto T,"$280,683.88"
01/01/2021,Vendedor 5,Sede B,Producto Q,"$345,820.89"
22/03/2021,Vendedor 6,Sede D,Producto Q,"$285,466.99"
01/11/2020,Vendedor 7,Sede A,Producto Y,
09/11/2020,Vendedor 5,Sede B,Producto N,"$389,589.92"
28/04/2021,Vendedor 12,Sede C,Producto Z,"$345,739.19"
05/08/2021,Vendedor 5,Sede D,Producto X,"$323,212.84"
03/05/2021,Vendedor 1,Sede A,Producto P,
03/03/2021,Vendedor 7,Sede B,Producto Y,"$77,428.88"
06/04/2021,Vendedor 3,Sede D,Producto W,"$191,922.79"
24/11/2020,Vendedor 2,Sede C,Producto V,"$114,857.30"
22/04/2021,Vendedor 7,Sede B,Producto U,"$145,813.05"
01/01/2021,Vendedor 4,Sede B,Producto X,"$298,588.30"
06/06/2021,Vendedor 11,Sede B,Producto P,"$67,152.84"
24/07/2021,Vendedor 5,Sede A,Producto X,"$276,836.39"
01/07/2021,Vendedor 10,Sede D,Producto R,"$61,204.79"
02/05/2021,Vendedor 2,Sede A,Producto Z,"$273,412.65"
28/09/2021,Vendedor 4,Sede C,Producto W,"$337,848.97"
16/01/2021,Vendedor 7,Sede B,Producto P,"$61,063.95"
07/01/2021,Vendedor 8,Sede B,Producto P,"$185,001.37"
30/03/2021,Vendedor 4,Sede B,Producto Z,"$318,211.96"
01/01/2021,Vendedor 10,Sede D,Producto T,"$123,571.09"
18/04/2021,Vendedor 7,Sede D,Producto S,"$36,137.88"
08/01/2021,Vendedor 8,Sede B,Producto Z,"$290,676.06"
25/07/2021,Vendedor 4,Sede D,Producto N,"$69,401.36"
29/01/2021,Vendedor 4,Sede B,Producto S,"$288,542.84"
11/08/2021,Vendedor 1,Sede C,Producto Y,"$232,324.43"
26/02/2021,Vendedor 5,Sede D,Producto P,"$297,307.29"
03/03/2021,Vendedor 10,Sede B,Producto P,"$227,234.28"
25/06/2021,Vendedor 10,Sede D,Producto N,"$124,586.98"
23/03/2021,Vendedor 8,Sede A,Producto O,"$238,060.36"
18/12/2020,Vendedor 7,Sede C,Producto P,"$114,437.42"
08/05/2021,Vendedor 10,Sede C,Producto P,"$240,107.32"
29/09/2021,Vendedor 12,Sede A,Producto Z,"$361,099.31"
16/11/2020,Vendedor 5,Sede D,Producto Q,"$93,381.27"
28/05/2021,Vendedor 5,Sede A,Producto P,"$220,896.18"
25/08/2021,Vendedor 2,Sede A,Producto R,"$46,408.13"
13/07/2021,Vendedor 9,Sede D,Producto W,"$64,045.52"
29/09/2021,Vendedor 10,Sede B,Producto V,"$174,400.79"
28/11/2020,Vendedor 6,Sede C,Producto Y,"$399,113.34"
31/07/2021,Vendedor 12,Sede A,Producto R,"$374,098.67"
21/06/2021,Vendedor 12,Sede D,Producto Z,"$190,581.13"
06/03/2021,Vendedor 10,Sede B,Producto P,
15/12/2020,Vendedor 7,Sede C,Producto U,"$349,230.56"
26/07/2021,Vendedor 12,Sede B,Producto Z,"$314,558.21"
23/01/2021,Vendedor 11,Sede C,Producto S,"$123,411.49"
03/01/2021,Vendedor 10,Sede C,Producto T,"$110,196.83"
21/07/2021,Vendedor 6,Sede C,Producto O,"$179,117.98"
20/10/2020,Vendedor 1,Sede C,Producto O,"$205,091.22"
23/10/2020,Vendedor 9,Sede C,Producto X,"$249,870.48"
08/05/2021,Vendedor 5,Sede B,Producto X,"$260,986.46"
17/06/2021,Vendedor 9,Sede A,Producto Q,"$138,154.58"
03/08/2021,Vendedor 10,Sede D,Producto N,"$361,842.49"
04/04/2021,Vendedor 6,Sede B,Producto T,"$47,344.44"
30/05/2021,Vendedor 6,Sede A,Producto T,"$339,744.30"
12/11/2020,Vendedor 8,Sede B,Producto N,"$223,146.96"
02/02/2021,Vendedor 12,Sede D,Producto W,"$34,509.33"
13/08/2021,Vendedor 5,Sede A,Producto S,"$342,290.38"
02/03/2021,Vendedor 5,Sede C,Producto R,"$263,187.10"
09/12/2020,Vendedor 2,Sede B,Producto X,"$159,571.36"
15/05/2021,Vendedor 1,Sede B,Producto P,"$207,004.92"
03/02/2021,Vendedor 12,Sede B,Producto U,"$204,134.50"
13/07/2021,Vendedor 10,Sede D,Producto W,"$119,857.08"
16/11/2020,Vendedor 6,Sede B,Producto R,"$95,710.06"
20/09/2021,Vendedor 10,Sede C,Producto O,"$342,464.48"
26/05/2021,Vendedor 7,Sede D,Producto W,"$18,484.39"
08/04/2021,Vendedor 1,Sede C,Producto W,"$232,801.28"
06/05/2021,Vendedor 3,Sede A,Producto U,"$87,087.62"
11/02/2021,Vendedor 6,Sede A,Producto U,"$139,557.51"
22/04/2021,Vendedor 12,Sede B,Producto Y,"$260,677.65"
15/07/2021,Vendedor 6,Sede B,Producto Z,"$138,234.02"
19/09/2021,Vendedor 6,Sede C,Producto Q,"$364,456.55"
15/04/2021,Vendedor 4,Sede C,Producto N,"$125,602.06"
07/01/2021,Vendedor 5,Sede C,Producto T,"$110,632.28"
03/11/2020,Vendedor 4,Sede C,Producto Z,
20/10/2020,Vendedor 11,Sede D,Producto U,"$215,233.74"
23/04/2021,Vendedor 2,Sede C,Producto Y,"$162,381.52"
31/05/2021,Vendedor 1,Sede B,Producto P,"$7,954.60"
04/01/2021,Vendedor 7,Sede B,Producto R,"$269,268.67"
15/06/2021,Vendedor 2,Sede D,Producto N,"$375,128.66"
21/11/2020,Vendedor 12,Sede A,Producto S,"$162,300.69"
04/05/2021,Vendedor 11,Sede B,Producto N,"$302,479.26"
15/02/2021,Vendedor 11,Sede C,Producto Z,"$282,705.33"
17/10/2020,Vendedor 9,Sede D,Producto O,"$273,512.68"
24/12/2020,Vendedor 2,Sede A,Producto P,"$189,782.33"
17/11/2020,Vendedor 4,Sede B,Producto V,"$72,025.31"
16/01/2021,Vendedor 1,Sede B,Producto V,"$49,877.60"
13/07/2021,Vendedor 9,Sede A,Producto X,"$43,044.06"
17/11/2020,Vendedor 11,Sede A,Producto V,"$35,443.33"
26/03/2021,Vendedor 4,Sede A,Producto X,"$392,422.29"
07/06/2021,Vendedor 6,Sede A,Producto U,"$271,463.77"
07/01/2021,Vendedor 1,Sede B,Producto U,"$45,793.50"
15/07/2021,Vendedor 5,Sede B,Producto V,"$51,101.17"
22/09/2021,Vendedor 5,Sede B,Producto U,"$63,987.21"
05/12/2020,Vendedor 4,Sede D,Producto N,"$45,174.09"
12/09/2021,Vendedor 10,Sede D,Producto U,"$286,586.42"
23/11/2020,Vendedor 12,Sede A,Producto S,"$144,087.14"
30/03/2021,Vendedor 5,Sede D,Producto Q,"$52,159.87"
17/12/2020,Vendedor 11,Sede A,Producto Y,"$304,737.66"
25/12/2020,Vendedor 10,Sede D,Producto P,"$373,025.42"
18/06/2021,Vendedor 8,Sede A,Producto N,"$300,139.68"
09/06/2021,Vendedor 3,Sede C,Producto N,"$203,428.64"
12/05/2021,Vendedor 4,Sede B,Producto X,"$133,042.20"
23/11/2020,Vendedor 10,Sede C,Producto U,
26/05/2021,Vendedor 12,Sede B,Producto U,"$93,885.76"
02/09/2021,Vendedor 10,Sede B,Producto N,"$9,931.34"
09/10/2021,Vendedor 7,Sede D,Producto O,"$378,936.51"
23/06/2021,Vendedor 6,Sede B,Producto Q,"$85,304.61"
24/10/2020,Vendedor 9,Sede A,Producto W,"$202,565.29"
22/09/2021,Vendedor 8,Sede C,Producto Z,"$271,657.41"
31/10/2020,Vendedor 11,Sede C,Producto T,"$168,353.08"
01/08/2021,Vendedor 5,Sede C,Producto V,"$152,394.49"
09/09/2021,Vendedor 10,Sede B,Producto U,"$376,254.90"
09/05/2021,Vendedor 8,Sede A,Producto Z,"$183,896.80"
02/02/2021,Vendedor 3,Sede B,Producto R,"$183,727.34"
24/12/2020,Vendedor 12,Sede C,Producto Z,"$34,265.62"
18/04/2021,Vendedor 7,Sede B,Producto Z,"$323,471.43"
08/06/2021,Vendedor 3,Sede B,Producto P,"$187,640.54"
26/11/2020,Vendedor 3,Sede A,Producto P,"$309,672.98"
27/06/2021,Vendedor 1,Sede C,Producto X,"$72,063.92"
29/08/2021,Vendedor 11,Sede B,Producto V,"$182,483.92"
10/08/2021,Vendedor 11,Sede B,Producto R,"$67,769.33"
18/07/2021,Vendedor 1,Sede A,Producto Q,"$164,668.29"
22/07/2021,Vendedor 2,Sede B,Producto S,"$224,303.09"
04/08/2021,Vendedor 9,Sede D,Producto Q,"$82,684.59"
15/08/2021,Vendedor 11,Sede A,Producto S,"$363,209.45"
11/08/2021,Vendedor 10,Sede B,Producto W,"$6,656.77"
01/02/2021,Vendedor 9,Sede B,Producto O,"$167,373.84"
13/07/2021,Vendedor 3,Sede B,Producto X,"$141,696.24"
12/05/2021,Vendedor 7,Sede C,Producto Z,"$367,477.30"
16/10/2020,Vendedor 3,Sede B,Producto S,"$24,994.30"
19/11/2020,Vendedor 6,Sede C,Producto V,"$34,916.73"
27/03/2021,Vendedor 6,Sede C,Producto O,"$28,188.27"
13/06/2021,Vendedor 12,Sede D,Producto Y,"$83,935.00"
01/07/2021,Vendedor 8,Sede B,Producto O,"$11,609.49"
05/04/2021,Vendedor 11,Sede B,Producto O,"$395,232.75"
21/02/2021,Vendedor 6,Sede A,Producto Y,"$118,459.29"
13/11/2020,Vendedor 6,Sede A,Producto V,
30/10/2020,Vendedor 1,Sede B,Producto S,"$324,647.64"
28/05/2021,Vendedor 8,Sede A,Producto N,"$140,142.57"
13/08/2021,Vendedor 9,Sede D,Producto P,"$101,561.98"
07/05/2021,Vendedor 6,Sede C,Producto T,"$300,461.83"
18/08/2021,Vendedor 10,Sede C,Producto R,"$193,691.50"
04/10/2021,Vendedor 2,Sede B,Producto U,"$374,696.85"
18/03/2021,Vendedor 6,Sede C,Producto Z,"$52,652.26"
05/08/2021,Vendedor 12,Sede D,Producto Z,"$21,859.01"
07/12/2020,Vendedor 9,Sede C,Producto R,"$379,248.50"
03/12/2020,Vendedor 4,Sede A,Producto Y,"$17,259.99"
10/05/2021,Vendedor 5,Sede A,Producto O,"$12,777.09"
26/11/2020,Vendedor 5,Sede A,Producto U,"$367,482.80"
15/07/2021,Vendedor 3,Sede A,Producto U,"$239,539.52"
16/12/2020,Vendedor 4,Sede C,Producto T,"$249,643.28"
09/12/2020,Vendedor 11,Sede A,Producto Z,"$218,090.21"
27/07/2021,Vendedor 7,Sede B,Producto Z,"$129,617.82"
28/09/2021,Vendedor 6,Sede B,Producto Y,"$395,200.56"
25/02/2021,Vendedor 6,Sede A,Producto T,"$127,587.28"
31/01/2021,Vendedor 12,Sede C,Producto T,"$196,575.38"
20/08/2021,Vendedor 11,Sede B,Producto N,"$120,593.83"
25/02/2021,Vendedor 12,Sede D,Producto Q,"$310,833.13"
28/06/2021,Vendedor 4,Sede D,Producto Q,"$262,210.10"
26/04/2021,Vendedor 6,Sede D,Producto S,"$250,419.20"
19/08/2021,Vendedor 5,Sede B,Producto O,"$183,183.51"
19/05/2021,Vendedor 7,Sede C,Producto V,"$304,571.43"
02/05/2021,Vendedor 5,Sede D,Producto Y,"$223,890.08"
24/09/2021,Vendedor 6,Sede C,Producto T,"$100,802.78"
11/11/2020,Vendedor 1,Sede A,Producto Z,"$94,323.57"
23/06/2021,Vendedor 4,Sede B,Producto P,"$399,196.36"
18/03/2021,Vendedor 4,Sede B,Producto R,"$371,721.96"
19/09/2021,Vendedor 5,Sede D,Producto X,
09/08/2021,Vendedor 5,Sede A,Producto T,"$107,589.52"
26/09/2021,Vendedor 1,Sede B,Producto N,"$72,453.59"
20/08/2021,Vendedor 7,Sede A,Producto Z,"$95,867.85"
02/07/2021,Vendedor 3,Sede B,Producto S,"$130,258.10"
18/08/2021,Vendedor 4,Sede B,Producto X,"$217,024.98"
10/12/2020,Vendedor 5,Sede C,Producto O,
18/02/2021,Vendedor 4,Sede B,Producto N,"$26,651.33"
27/05/2021,Vendedor 2,Sede B,Producto Z,"$212,934.24"
09/07/2021,Vendedor 2,Sede C,Producto U,"$385,088.34"
06/09/2021,Vendedor 4,Sede C,Producto R,"$22,679.56"
31/08/2021,Vendedor 9,Sede D,Producto Z,"$201,281.38"
15/07/2021,Vendedor 8,Sede D,Producto U,"$317,831.33"
29/06/2021,Vendedor 11,Sede D,Producto N,"$272,071.01"
31/07/2021,Vendedor 6,Sede C,Producto O,"$252,904.43"
22/12/2020,Vendedor 12,Sede A,Producto T,"$218,301.99"
25/07/2021,Vendedor 9,Sede B,Producto Z,"$6,423.39"
25/09/2021,Vendedor 3,Sede B,Producto V,"$394,392.08"
08/08/2021,Vendedor 3,Sede C,Producto R,"$186,819.81"
18/09/2021,Vendedor 7,Sede D,Producto Y,"$72,766.18"
06/11/2020,Vendedor 12,Sede B,Producto O,"$59,445.39"
20/04/2021,Vendedor 1,Sede D,Producto R,"$358,901.30"
02/05/2021,Vendedor 1,Sede D,Producto W,"$155,642.33"
27/12/2020,Vendedor 5,Sede D,Producto T,
25/09/2021,Vendedor 2,Sede A,Producto W,"$191,037.05"
18/06/2021,Vendedor 10,Sede D,Producto Z,"$146,883.74"
11/02/2021,Vendedor 2,Sede B,Producto Z,
07/10/2021,Vendedor 7,Sede D,Producto S,"$54,744.52"
16/09/2021,Vendedor 6,Sede C,Producto S,"$399,388.47"
26/01/2021,Vendedor 7,Sede B,Producto Z,"$96,093.23"
09/05/2021,Vendedor 2,Sede D,Producto Z,"$167,959.82"
27/06/2021,Vendedor 9,Sede A,Producto U,"$384,211.66"
24/09/2021,Vendedor 7,Sede A,Producto Y,
16/09/2021,Vendedor 9,Sede A,Producto P,"$56,778.96"
28/03/2021,Vendedor 7,Sede A,Producto O,"$394,371.48"
12/02/2021,Vendedor 2,Sede D,Producto U,"$41,813.34"
02/05/2021,Vendedor 9,Sede B,Producto S,"$205,912.56"
16/01/2021,Vendedor 2,Sede B,Producto Q,"$166,204.21"
07/12/2020,Vendedor 4,Sede C,Producto R,"$334,637.81"
01/11/2020,Vendedor 11,Sede D,Producto S,"$11,420.22"
13/05/2021,Vendedor 5,Sede B,Producto W,"$105,349.90"
03/04/2021,Vendedor 2,Sede C,Producto Q,"$197,289.52"
03/11/2020,Vendedor 9,Sede C,Producto Z,"$352,644.80"
02/02/2021,Vendedor 6,Sede D,Producto Z,"$95,915.40"
07/06/2021,Vendedor 4,Sede D,Producto R,
09/05/2021,Vendedor 2,Sede C,Producto U,"$339,859.98"
18/05/2021,Vendedor 10,Sede C,Producto P,"$397,648.33"
03/07/2021,Vendedor 5,Sede C,Producto P,"$258,675.99"
06/12/2020,Vendedor 11,Sede C,Producto T,"$75,566.23"
14/04/2021,Vendedor 9,Sede D,Producto W,"$306,606.99"
26/02/2021,Vendedor 4,Sede D,Producto S,"$181,408.35"
31/07/2021,Vendedor 6,Sede B,Producto Y,"$230,147.31"
11/05/2021,Vendedor 2,Sede D,Producto V,"$112,050.94"
07/03/2021,Vendedor 8,Sede B,Producto U,"$385,203.70"
14/11/2020,Vendedor 12,Sede B,Producto S,"$29,969.23"
03/07/2021,Vendedor 11,Sede B,Producto U,"$262,397.48"
21/07/2021,Vendedor 9,Sede C,Producto X,"$282,002.72"
24/07/2021,Vendedor 3,Sede C,Producto P,"$184,304.47"
11/01/2021,Vendedor 4,Sede A,Producto Z,
16/04/2021,Vendedor 6,Sede C,Producto X,"$198,349.88"
13/09/2021,Vendedor 8,Sede A,Producto Q,"$385,016.28"
04/05/2021,Vendedor 9,Sede D,Producto O,"$207,428.76"
28/10/2020,Vendedor 10,Sede D,Producto U,"$339,079.60"
20/07/2021,Vendedor 12,Sede B,Producto P,"$220,224.50"
21/10/2020,Vendedor 4,Sede C,Producto S,"$122,973.31"
03/09/2021,Vendedor 12,Sede A,Producto Y,"$76,540.29"
31/12/2020,Vendedor 12,Sede A,Producto P,"$156,715.71"
17/06/2021,Vendedor 6,Sede C,Producto T,"$241,054.98"
15/11/2020,Vendedor 7,Sede B,Producto Y,
20/10/2020,Vendedor 9,Sede C,Producto W,"$36,881.64"
01/10/2021,Vendedor 1,Sede D,Producto S,"$118,292.73"
20/12/2020,Vendedor 6,Sede A,Producto T,
01/05/2021,Vendedor 6,Sede A,Producto T,"$262,802.89"
19/02/2021,Vendedor 1,Sede B,Producto O,"$192,582.38"